{"cameraMode":{"drawMode":0,"name":"Shaded","section":"Shading Mode"},"sceneLighting":true,"audioPlay":false,"sceneViewState":{"m_AlwaysRefresh":false,"showFog":true,"showSkybox":true,"showFlares":true,"showImageEffects":true,"showParticleSystems":true,"showVisualEffectGraphs":true,"m_FxEnabled":true},"in2DMode":false,"pivot":{"x":345.06146240234377,"y":243.0697479248047,"z":-15.962158203125},"rotation":{"x":-0.01949802227318287,"y":-0.007202593144029379,"z":0.00014064709830563515,"w":-0.999786376953125},"size":204.7620391845703,"orthographic":false}